303777544	Sexual Identity Mobility and Depressive Symptoms: A Longitudinal Analysis of Moderating Factors Among Sexual Minority Women	2016	Article	Archives of Sexual Behavior	
308537666	Validating a Hazardous Drinking Index in a Sample of Sexual Minority Women: Reliability, Validity, and Predictive Accuracy	2016	Article	Substance Use & Misuse	
305219260	Culture Moderates the Relation Between Perceived Stress, Social Support, and Mental and Physical Health	2016	Article	Journal of Cross-Cultural Psychology	
305767620	Comparison of weighting methods for nonresponse bias adjustment	2016	Conference Paper	Linda K. Owens	
305778905	Sexual identity development: Relationship with lifetime suicidal ideation in sexual minority women	2016	Article	Journal of Clinical Nursing	
305767388	Understanding racial/ethnic differences in public opinion towards the Affordable Care Act	2016	Conference Paper	Tina Zhao	
305767444	Cross-cultural comparability of behavior coding	2016	Conference Paper	Timothy P Johnson	
305767526	Is acquiescence an expression of social deference? Acquiescence and interviewer effects in a survey of white and ethnically diverse Latino respondents	2016	Conference Paper	Rachel Davis	
305767618	Examining respondent-interviewer interactions using behavior coding data and paradata	2016	Conference Paper	Allyson Holbrook	
305767619	Within-household selection of respondents: The last step of sampling in household surveys	2016	Conference Paper	Achim Koch	
306031158	Do Interviewer Errors Help Explain the Impact of Question Characteristics on Respondent Difficulties?	2016	Article	Survey Practice	
303115351	The effect of question characteristics on support for the Affordable Care Act (2010-2016)	2016	Conference Paper	Tianshu Zhao	
303115190	"Mental retardation" vs."Intellectual disability": Differences in Responses	2016	Presentation	Marina Stavrakantonaki	
303092980	Validation of the Functional Assessment of Chronic Illness Therapy-Spiritual Well-Being-Expanded (FACIT-Sp-Ex) Across English and Spanish-Speaking Hispanics/Latinos: Results From the Hispanic Community Health Study/Study of Latinos Sociocultural Ancillary Study	2016	Article	Psychology of Religion and Spirituality	
301312174	How to use survey results	2016	Article	Journal of the Medical Library Association JMLA	
323504091	Evaluating and addressing emotional risks in survey research	2016	Article	Survey Practice	
306354496	Challenges of Comparative Survey Research	2016	Chapter	Timothy P Johnson	
328614570	Pregnant women's substance abuse treatment completion rates: Effects of referral sources and treatment settings	2015	Conference Paper	Young I Cho	
319631646	Acquiescence among depressed individuals.	2015	Presentation	Marina Stavrakantonaki	
281713682	Evidence-Informed, Evidence not Used: A Pilot Study of a Sustained Flawed Process and Unfinished Business	2015	Article	Substance Use & Misuse	
281734648	Measuring Substance Use and Misuse via Survey Research: Unfinished Business	2015	Article	Substance Use & Misuse	
281006493	Big Data and Survey Research: Supplement or Substitute?	2015	Research	Timothy P Johnson	
271025315	Sources of Interactional Problems in a Survey of Racial/Ethnic Discrimination	2015	Article	International Journal of Public Opinion Research	
319631643	Cross Cultural Equivalence of Survey Response Latencies.	2015	Presentation	Timothy P Johnson	
277978746	Current Knowledge and Considerations Regarding Survey Refusals: Executive Summary of the AAPOR Task Force Report on Survey Refusals	2015	Article	Public Opinion Quarterly	
276458330	Justice or compassion? Cultural differences in power norms affect consumer satisfaction with power-holders	2015	Article	International Marketing Review	
275963843	Cross-Cultural Issues in Survey Methodology	2015	Article	Public Opinion Quarterly	
319631512	Effects of Acculturation on Question Comprehension.	2015	Presentation	Marina Stavrakantonaki	
275411098	Longitudinal Associations among Discordant Sexual Orientation Dimensions and Hazardous Drinking in a Cohort of Sexual Minority Women	2015	Article	Journal of Health and Social Behavior	
274457056	Using Respondent Driven Sampling to Recruit Sexual Minority Women	2015	Article	Survey Practice	
272077287	The Effect of Neighborhood Disadvantage on the Racial Disparity in Ovarian Cancer-Specific Survival in a Large Hospital-Based Study in Cook County, Illinois	2015	Article	Frontiers in Public Health	
270597005	Racial Disparities in Political Participation Across Issues: The Role of Issue-Specific Motivators	2015	Article	Political Behavior	
268810160	Weather Conditions, Social Exclusion and Social Desirability Bias	2014	Presentation	Marina Stavrakantonaki	
268809999	Racial and Ethnic Differences in Extreme Response Style: Testing Explanations	2014	Conference Paper	Allyson Holbrook	
266811530	DUI/DWI-Referred Clients' Attributes to Outpatient Treatment Completion	2014	Conference Paper	Young I Cho	
286276320	Sources of Error in Substance Use Prevalence Surveys	2014	Article	International Scholarly Research Notices	
282820618	Origins and Development of Health Survey Methods	2014	Article	Timothy P Johnson	
288577530	Surveys of Physicians	2014	Article	Jonathan B Vangeest	
265413688	Handbook of Health Survey Methods	2014	Book	Timothy P Johnson	
265413845	Hard-to-Survey Populations	2014	Book	Roger Tourangeau	
265413651	Current Knowledge and Considerations Regarding Survey Refusals AAPOR Task Force on Survey Refusals Prepared for AAPOR Council by the Task Force on Survey Refusals operating under the auspices of the AAPOR Standards Committee	2014	Technical Report	David Dutwin	
265299413	Coming Out in Color: Racial/Ethnic Differences in the Relationship Between Level of Sexual Identity Disclosure and Depression Among Lesbians	2014	Article	Cultural Diversity & Ethnic Minority Psychology	
274835127	Lifetime Victimization, Hazardous Drinking, and Depression Among Heterosexual and Sexual Minority Women	2014	Article	LGBT Health	
316414208	Snowball Sampling: Introduction	2014	Chapter	Timothy P Johnson	
298851318	Surveying political extremists	2014	Chapter	Timothy P Johnson	
272169663	Response Heaping in Interviewer-Administered Surveys: Is It Really a Form of Satisficing?	2014	Article	Public Opinion Quarterly	
269764321	Big Data and Survey Research: Supplement or Substitute?	2014	Conference Paper	Timothy P Johnson	
258350196	Condom Use Among Men Who Have Sex With Men and Male-to-Female Transgenders in Jakarta, Indonesia	2014	Article	American Journal of Men's Health	
319631301	The role of culture in response styles to survey questions	2014	Conference Paper	Sharon Shavitt	
319631394	Utility of Nonverbal Behavior Coding for Detecting Comprehension Difficulties across Race/Ethnic Groups.	2014	Conference Paper	Timothy P Johnson	
319631401	Measuring culture across racial and ethnic groups in the U.S.: Exploring challenges and solutions.	2014	Conference Paper	Allyson Holbrook	
261608739	A Longitudinal Study of the Correlates of Persistent Smoking Among Sexual Minority Women	2014	Article	Nicotine & Tobacco Research	
319631461	Assessing the robustness of established construct associations across race/ethnic groups.	2014	Conference Paper	Timothy P Johnson	
260212205	The association between neighborhood socioeconomic status and ovarian cancer tumor characteristics	2014	Article	Cancer Causes & Control	
260116325	Survey mode and asking about future intentions did not impact self-reported colorectal cancer screening accuracy	2014	Article	BMC Medical Research Methodology	
259251329	Validation of Interpersonal Support Evaluation List-12 (ISEL-12) Scores Among English- and Spanish-Speaking Hispanics/Latinos From the HCHS/SOL Sociocultural Ancillary Study	2013	Article	Psychological Assessment	
266776201	Referral sources and substance abuse treatment outcomes at discharge	2013	Conference Paper	Young I Cho	
258147080	Emotional risks to respondents in s	2013	Article	Journal of Empirical Research on Human Research Ethics	
257134975	The Relationships of Sexual Identity, Hazardous Drinking, and Drinking Expectancies With Risky Sexual Behaviors in a Community Sample of Lesbian and Bisexual Women	2013	Article	Journal of the American Psychiatric Nurses Association	
257071078	Methods for Identifying Translational Researchers	2013	Article	Evaluation & the Health Professions	
256102216	Surveying Clinicians: An Introduction to the Special Issue	2013	Article	Evaluation & the Health Professions	
256102220	Enhancing Surveys of Health Care Professionals: A Meta-Analysis of Techniques to Improve Response	2013	Article	Evaluation & the Health Professions	
253590091	Survey Response Rate Reporting in the Professional Literature	2013	Article	Timothy P Johnson	
253301153	Unaccompanied Homeless Youth in Illinois: 2005	2013	Article	Timothy P Johnson	
244990969	Studying Alcohol Use Prior to Sexual Intercourse Among Female Sex Workers in Eastern Indonesia	2013	Article	Substance Use & Misuse	
237058956	Hazardous Drinking, Depression, and Anxiety Among Sexual-Minority Women: Self-Medication or Impaired Functioning?	2013	Article	Journal of Studies on Alcohol and Drugs	
237787087	An Inquiry into Declining RDD Response Rates Part III: A Multivariate Review	2013	Article	Diane O'Rourke	
239733762	Self-Rated Health Assessed by Web Versus Mail Modes in a Mixed Mode Survey	2013	Article	Medical Care	
352941104	Abstract P243: Measurement Properties of the Short Acculturation Scale: Preliminary Findings from the Hispanic Community Health Study/Study of Latinos	2013	Article	Circulation	
235893203	Sex Work Venue and Condom Use among Female Sex Workers in Senggigi, Indonesia	2013	Article	Culture, Health & Sexuality	
235647517	The Influence of Childhood Physical Abuse on Adult Health Status in Sexual Minority Women: The Mediating Role of Smoking	2013	Article	Women s Health Issues	
239524227	Treatment Facility Neighborhood Environment and Outpatient Treatment Completion	2013	Article	Journal of Drug Issues	
233787319	Timothy P. Johnson on Steve Magura's "Failure of Intervention or Failure of Evaluation: A Meta-Evaluation of the National Youth Anti-Drug Media Campaign Evaluation" Failure of Intervention and Evaluation?: A Review of an Anti-Drug Campaign Evaluation	2012	Article	Substance Use & Misuse	
233787396	Failures in Substance Use Surveys	2012	Article	Substance Use & Misuse	
266815886	Survey comprehension across multiple languages: Results from the California Health Interview Survey Discrimination Module	2012	Conference Paper	Timothy P Johnson	
232700240	Acculturation and Health Survey Question Comprehension Among Latino Respondents in the US	2012	Article	Journal of Immigrant and Minority Health	
232280882	Using incentives in surveys of cancer patients: Do "best practices" apply?	2012	Article	Cancer Causes & Control	
233957571	Depression, Substance Use and HIV Risk in a Probability Sample of Men who Have Sex with Men	2012	Article	Addictive Behaviors	
230796543	Improving the Quality of Surveys of Physicians and Medical Groups: A Research Agenda	2012	Article	Evaluation & the Health Professions	
257466935	Modeling Error in Self-Reports of Chronic Health Conditions: Cultural Similarities and Differences	2012	Article	Annals of Epidemiology	
275075253	Mediators in the Survival Disparity Between Black and White Women With Ovarian Cancer	2012	Article	Annals of Epidemiology	
284038936	Social Cognition and Responses to Survey Questions Among Culturally Diverse Populations	2012	Article	Timothy P Johnson	
229425092	National Context and Patterns of Alcohol Use: The Devil Is in the Data	2012	Article	Substance Use & Misuse	
225059249	Time Issues in Multilevel Interventions for Cancer Treatment and Prevention	2012	Article	JNCI Monographs	
224879362	Response Rates and Nonresponse Errors in Surveys	2012	Article	JAMA	
258189974	Survey Mode Effects on Data Quality: Comparison of Web and Mail Modes in a U.S. National Panel Survey	2012	Article	Social Science Computer Review	
223976792	Correlates of Quality of Life Among African American and White Cancer Survivors	2012	Article	Cancer Nursing	
224864340	Drinking In the Age of the Great Recession	2012	Article	Journal of Addictive Diseases	
260415127	Survey Research in Public Administration: Assessing Mainstream Journals with a Total Survey Error Framework	2012	Article	Public Administration Review	
279352586	Marijuana	2012	Chapter	Timothy P Johnson	
266789681	Substance abuse treatment facility's neighborhood effects on outpatient's treatment program completion	2011	Conference Paper	Young I Cho	
266789680	Cultural Variability in Respondent Processing of Health Survey Questions	2011	Conference Paper	Timothy P Johnson	
266906377	Effect of Question Characteristics on Responses to Health Survey Questions	2011	Conference Paper	Timothy P Johnson	
241054937	An evaluation of the validity of the Crowne–Marlowe need for approval scale	2011	Article	Quality & Quantity	
230264388	Response 2 to Biemer and Berzofsky's Chapter: Some Issues in the Application of Latent Class Models for Questionnaire Design	2011	Chapter	Janet A. Harkness	
233052466	Horizontal and Vertical Cultural Differences in the Content of Advertising Appeals	2011	Article	Journal of International Consumer Marketing	
259407034	Measuring everday racial/ethnic discrimination in health surveys	2011	Article	Du Bois Review Social Science Research on Race	
50939559	Surveying Nurses Identifying Strategies to Improve Participation	2011	Article	Evaluation & the Health Professions	
51872439	Risk factors for homelessness and sex trade among incarcerated women: A Structural equation model	2011	Article	Journal of International Women's Studies	
237325092	Detection and Prevention of Data Falsification in Survey Research	2010	Article	Timothy P Johnson	
400429037	Workplace Sexual Harassment and the Risk of Chronic Disease in a Prospective Cohort Study	2026	Article	Behavioral Sciences	
401230400	Measuring Dimensions and Sub-dimensions of Meso-level Organizations Critical for System Transformation for Effective Climate Change Adaptation	2026	Preprint	Eric W. Welch	
397159157	Profiles of economic and non-economic chronic stressors at midlife	2025	Article	Journal of Applied Developmental Psychology	
397242798	Sexual Harassment and the Risk of Chronic Disease in a Prospective Cohort Study	2025	Preprint	Sally Freels	
402775096	Using Experimental Vignettes to Study how Survey Methods and Findings Affect the Public's Evaluation of Public Opinion Polls: Considering a Dual Process Approach	2025	Article	Survey Research Methods	
396562044	Social support is not enough to buffer the effects of stressors on substance use at midlife	2025	Article	Discover Psychology	
403683691	Probing in Cognitive Interviews can Promote Acquiescence	2025	Article	Fred Conrad	
395716145	2025_LAPS SA_Supplementary Material.pdf	2025	Data	Natalia de Souza Albuquerque	
395021592	Generative AI and academic scientists in US universities: Perception, experience, and adoption intentions	2025	Article	PLOS One	
393517613	The Brief Lexington Attachment to Pets Scale: measurement invariance in India, Italy, Poland, and Russia	2025	Article	BMC Psychology	
392763360	Invitation appeals and STEM academic scientists research participation: Findings from six survey experiments	2025	Article	PLOS One	
389747550	The relationship between gender identity, economic stressors, social support, concurrent substance use and suicidal ideation	2025	Article	Social Psychiatry and Psychiatric Epidemiology	
389556432	2025 albuquerque et al Supplementary material.pdf	2025	Data	Natalia Albuquerque	
389470621	Economic Stressors, Alcohol Use, and Health-Related Quality of Life in Middle-aged Adults	2025	Article	Journal of Applied Developmental Psychology	
395715934	LAPS SA: Measuring Attachment to Dogs and Cats Among South American Countries	2025	Article	Psychological Reports	
388400328	Service capacity and disability resource integration: A strategic survey of immigrant and refugee-serving agencies in Illinois	2025	Article	American Journal of Community Psychology	
387724367	Sources of HIV information and women’s HIV knowledge in Southwest Sumba Indonesia: a cross-sectional study with mediation analysis	2025	Article	BMC Public Health	
395813848	Generative AI Experience, Risk Perception and Regulatory Attitudes From the Perspective of STEM Faculty in the United States	2025	Preprint	Jinghuan Ma	
402952094	Invitation appeals and STEM academic scientists research participation: Findings from six survey experiments	2025	Article	PLOS One	
385245914	Monetary Incentives in Clinician Surveys: An Analysis and Systematic Review With a Focus on Establishing Best Practices	2024	Article	Evaluation & the Health Professions	
383727733	Abortion Rights: Perspectives of Academic Scientists in the United States	2024	Article	Women's Health Reports	
382419116	The Relationship Between Gender Identity, Economic Stressors, Social Support, Concurrent Substance Use and Suicidal Ideation	2024	Preprint	Sara Kelly	
390127160	Survey Research	2024	Chapter	Timothy P Johnson	
376225852	Public perceptions of pollsters in the United States: Experimental evidence	2023	Article	Social Science Quarterly	
376854756	Lingering Effects of COVID-19 Stressors on Mental Health and Alcohol Use in Middle Aged to Older Adults	2023	Article	Aging and Health Research	
375806647	AAPOR Award for Exceptionally Distinguished Achievement	2023	Article	Public Opinion Quarterly	
372654130	Effects of chronic workplace harassment on mental health and alcohol misuse: a long-term follow-up	2023	Article	BMC Public Health	
372204531	How Scientists View Vaccine Hesitancy	2023	Article	Vaccines	
372012107	Individual-Level Cultural Factors and Use of Survey Response Styles Among Latino Survey Respondents	2023	Article	Hispanic Journal of Behavioral Sciences	
369622970	An Ounce of Prevention: Using Conversational Interviewing and Avoiding Agreement Response Scales to Prevent Acquiescence	2023	Article	Quality & Quantity	
369032354	U.S. Visa and Immigration Policy Challenges: Explanations for Faculty Perceptions and Intent to Leave	2023	Article	Research in Higher Education	
364425043	Survey participation as a function of democratic engagement, trust in institutions, and perceptions of surveys	2022	Article	Social Science Quarterly	
361873420	COVID-19 and gender inequity in science: Consistent harm over time	2022	Article	PLOS One	
358533808	Impact of a Clinical and Translational Science Awards Hub on Faculty Research Grant Productivity	2022	Article	Journal of Clinical and Translational Science	
357714582	High-Resolution Image(s) of Intercultural Contact: Understanding Interculturalism with Personal Networks	2021	Article	Lydia Repke	
357714766	Klare(s) Bild(er) interkultureller Kontakte: Interkulturalität mithilfe persönlicher Netzwerke verstehen	2021	Article	Lydia Repke	
356235869	Correction: COVID-19 and the academy: opinions and experiences of university-based scientists in the U.S	2021	Article	Humanities and Social Sciences Communications	10.1057/s41599-021-00823-9
355720616	Polls of the US 2020 Election: What about Modes?	2021	Conference Paper	Claire Durand	
355721970	Correction to: Power, Culture and Item Nonresponse in Social Surveys	2021	Chapter	Katharina Meitinger	
352866796	Alcohol use among sexual minority women: Methods used and lessons learned in the 20-Year Chicago Health and Life Experiences of Women Study	2021	Article	The International Journal of Alcohol and Drug Research	
352835993	THE POLLS—REVIEW	2021	Article	Public Opinion Quarterly	
352486624	COVID-19 and the academy: opinions and experiences of university-based scientists in the U.S	2021	Article	Humanities and Social Sciences Communications	
352547248	Developing a short screener for acquiescent respondents	2021	Article	Research in Social and Administrative Pharmacy	
351804411	The effects of electronic alert letters for internet surveys of academic scientists	2021	Article	Scientometrics	
353605800	AAPOR/WAPOR Task Force Report on Quality in Comparative Surveys	2021	Technical Report	Lars Lyberg	
348956552	Comparing Postpartum Care Utilization from Medicaid Claims and the Pregnancy Risk Assessment Monitoring System in Wisconsin, 2011–2015	2021	Article	Maternal and Child Health Journal	
349507732	The CHLEW Couples Study: Protocol for a Study of Stress, Hazardous Drinking, and Intimate Partner Aggression among Sexual Minority Women and their Partners (Preprint)	2021	Preprint	Cindy Veldhuis	
353830781	The CHLEW Couples Study: Protocol for a Study of Stress, Hazardous Drinking, and Intimate Partner Aggression among Sexual Minority Women and their Partners (Preprint)	2021	Article	JMIR Research Protocols	
348785881	Evaluation of a Minimally Invasive Bipolar Coagulation System for the Treatment of Grade I and II Internal Hemorrhoids	2021	Article	Diseases of the Colon & Rectum	
346484721	The Influence of Minority Stress on Indicators of Suicidality among Lesbian, Gay, Bisexual, and Transgender Adults in Thailand	2020	Article	Journal of Psychiatric and Mental Health Nursing	
344930287	Power, Culture and Item Nonresponse in Social Surveys	2020	Chapter	Katharina Meitinger	
346383149	Culture and Response Behavior: An Overview of Cultural Mechanisms Explaining Survey Error	2020	Chapter	Henning Silber	
346386099	Power, Culture and Item Nonresponse in Social Surveys	2020	Chapter	Katharina Meitinger	
340925027	The Effect of Continuous Versus Pregnancy-Only Medicaid Eligibility on Routine Postpartum Care in Wisconsin, 2011–2015	2020	Article	Maternal and Child Health Journal	
343639943	The Effects of Electronic Alert Letters in the Time of COVID-19	2020	Article	SSRN Electronic Journal	
341302157	Exploring the Antecedents and Consequences of Interviewer Reading Speed (IRS) at the Question Level	2020	Chapter	Allyson Holbrook	
341228436	Seeking Clarifications for Problematic Questions: Effects of Interview Language and Respondent Acculturation	2020	Chapter	Evgenia Kapousouz	
340463343	Assessing the Quality of Published Surveys in Ophthalmology	2020	Article	Ophthalmic Epidemiology	
342384752	Method and transparency of online physician surveys: an overview	2020	Article	Timothy P Johnson	
339519478	Cervical cancer survivors’ attitudes and understanding of menopause and hormone therapy	2020	Article	Menopause (New York, N.Y.)	
341669301	Chapter 17: Exploring the Antecedents and Consequences of Interviewer Reading Speed (IRS) at the Question Level. Appendix 17	2020	Article	Allyson Holbrook	
344604794	A Community-Driven Probability Survey of Disadvantaged Populations in Chicago: Sinai Community Health Survey 2.0	2020	Article	Progress in Community Health Partnerships Research Education and Action	
337934763	Needs Assessment for a Comprehensive Reemployment Program Among Residents of a Work Rehabilitation Program for Individuals With Unstable or Lack of Housing	2019	Article	Journal of occupational and environmental medicine / American College of Occupational and Environmental Medicine	
336161495	Race‐ and Ethnicity‐of‐Interviewer Effects*	2019	Chapter	Allyson Holbrook	
336161723	Survey Experiments and Changes in Question Wording in Repeated Cross‐Sectional Surveys	2019	Chapter	Allyson Holbrook	
336109893	Comparison of Methods for Recruiting Suburban Opioid Users for Studies on Hepatitis C Virus Infection Prevention (Preprint)	2019	Preprint	Mary E. Mackesy-Amiti	
335935758	The Influence of Item Characteristics on Acquiescence among Latino Survey Respondents	2019	Article	Field Methods	
335758682	Public Opinion and the Environment: The Problem of Acid Rain	2019	Chapter	Phillip W. Roeder	
332832727	Development of a Bi-Dimensional Simpatía Scale for Use with Mexican American, Puerto Rican, and Cuban American Adults	2019	Article	Nursing Research	
336474226	Advances in Comparative Survey Methods	2019	Book	Timothy P Johnson	
332303555	Antecedents and Consequences of Interviewer Pace: Assessing Interviewer Speaking Pace at the Question Level	2019	Article	Allyson Holbrook	
330856247	Persistent and aggressive interactions with the police: Potential mental health implications	2019	Article	Epidemiology and Psychiatric Sciences	
330300528	Measuring the Elusive Construct of Personalismo Among Mexican American, Puerto Rican, and Cuban American Adults	2019	Article	Hispanic Journal of Behavioral Sciences	
335231659	Overcoming Barriers to Sustaining Health Equity Interventions: Insights from the National Institutes of Health Centers for Population Health and Health Disparities	2019	Article	Journal of Health Care for the Poor and Underserved	
329759314	Presidential Address: Legitimacy, Wicked Problems, and Public Opinion Research	2018	Article	Public Opinion Quarterly	
329759336	Effects of Rosa’s Law on Intellectual-Disability Reporting	2018	Article	Public Opinion Quarterly	
327957255	Examining the Comparability of Behavior Coding Across Cultures: Multinational, Multiregional, and Multicultural Contexts (3MC)	2018	Chapter	Timothy P Johnson	
327962452	Wiley Series In Survey Methodology	2018	Article	Timothy P Johnson	
330509186	Report of the WAPOR Committee Reviewing the Pre-election Polls in the 2017 Presidential Election in Chile	2018	Technical Report	Claire Durand	
327957602	The Promise and Challenge of 3MC Research	2018	Chapter	Timothy P Johnson	
327962585	Advances in Comparative Survey Methods	2018	Article	Timothy P Johnson	
330509451	Freedom to Conduct Opinion Polls: A 2017 Worldwide Update	2018	Technical Report	Kathy Frankovic	
325179570	Why Do Latino Survey Respondents Acquiesce? Respondent and Interviewer Characteristics as Determinants of Cultural Patterns of Acquiescence Among Latino Survey Respondents	2018	Article	Cross-Cultural Research	
324815371	1490 Re-employment needs and barriers of individuals in a residential rehabilitation program	2018	Conference Paper	D Madigan	
314145558	The Effects of Sexual Orientation on the Relationship Between Victimization Experiences and Smoking Status Among US Women	2018	Article	Nicotine & Tobacco Research	
323335310	How should immigrants adapt to their country of residence? A mixed methods approach to evaluate the international applicability of a question from the German General Social Survey (ALLBUS)	2018	Chapter	Michael Braun	
333687877	How Should Immigrants Adapt to Their Country of Residence?	2018	Chapter	Michael Braun	
319631822	Survey Experiments and Changes in Question Wording in Repeated Cross-Sectional Surveys. In Experimental Methods in Survey Research: Techniques that Combine Random Sampling with Random Assignment	2018	Chapter	Allyson Holbrook	
328249420	Research Methods in the Study of Substance Abuse	2018	Book	Jonathan B Vangeest	
308941565	Big Data and Survey Research: Supplement or Substitute?	2017	Chapter	Timothy P Johnson	
310477639	Human and Social Capital Determinants of Translational Activity in Medical Sciences	2017	Article	Science and Public Policy	
318984595	Validation of the Korean Parental Depression Literacy Scale	2017	Article	International Journal of Mental Health Nursing	
318171742	The Use of Biological Measures in Social Research on Drug Misuse	2017	Chapter	Michael Fendrich	
318172563	History of Substance Abuse Research in the United States	2017	Chapter	Jonathan B Vangeest	
318172742	Using Surveys to Study Substance Use Behavior	2017	Chapter	Timothy P Johnson	
314316570	Measures of economic advantage associated with HPV-positive head and neck cancers among non-Hispanic black and white males identified through the National Cancer Database	2017	Article	Cancer Epidemiology	
319631681	“Mental retardation” vs. “Intellectual disability”: A Natural Experiment.	2017	Poster	Marina Stavrakantonaki	
316167599	Effects of Regulatory Support Services on Institutional Review Board Turnaround Times	2017	Article	Journal of Empirical Research on Human Research Ethics	
319631589	Effects of a Question Wording Change on Population Estimates of Intellectual Disability in the United States: An Interrupted Time Series Analysis	2016	Presentation	Marina Stavrakantonaki	
309228680	Perceptions of negative health-care experiences and self-reported health behavior change in three racial and ethnic groups	2016	Article	Ethnicity and Health	
45494108	Advanced Practice Nurses Facilitating Clinical Translational Research	2010	Article	Clinical Medicine & Research	
45537389	Sexual Victimization and Hazardous Drinking Among Heterosexual and Sexual Minority Women	2010	Article	Addictive Behaviors	
266901705	Measuring individual-level racism/discrimination: The state of the art	2010	Conference Paper	Nancy Breen	
266791473	Drug Report Validity of Formerly Homeless vs. Never Homeless Adults	2010	Conference Paper	Timothy P Johnson	
266791557	Depression, Drug Use and HIV Risk Behavior in a Probability Sample of Urban MSM	2010	Conference Paper	Michael Fendrich	
249737467	Computer Literacy and the Accuracy of Substance Use Reporting in an ACASI Survey	2010	Article	Social Science Computer Review	
286188091	Survey Response Styles Across Cultures	2010	Article	Timothy P Johnson	
47459076	A Venue Analysis of Predictors of Alcohol Use Prior to Sexual Intercourse among Female Sex Workers in Senggigi, Indonesia	2010	Article	International Journal of Drug Policy	
45198786	Work stress and depression among direct support professionals: The role of work support and locus of control	2010	Article	Journal of Intellectual Disability Research	
271842140	Examining the Association between Cultural Environments and Survey Nonresponse	2010	Article	Survey Practice	
230265471	An Illustrative Review of Techniques for Detecting Inequivalences	2010	Chapter	Michael Braun	
265413850	Survey Methods in Multinational, Multiregional, and Multicultural Contexts	2010	Book	Janet A. Harkenss	
290815135	Equivalence, Comparability, and Methodological Progress	2010	Chapter	Peter Ph. Mohler	
295443169	Comparative Survey Methodology	2010	Chapter	Janet A. Harkness	
43356003	Are Racial Differences in Patient-Physician Cancer Communication and Information Explained by Background, Predisposing, and Enabling Factors?	2010	Article	Journal of Health Communication	
41850443	Sexual Risk Behavior and Drug Use in Two Chicago Samples of Men Who Have Sex with Men: 1997 vs. 2002	2010	Article	Journal of Urban Health	
41894016	Symptoms of Substance Dependence and Risky Sexual Behavior in a Probability Sample of HIV Negative Men Who Have Sex with Men in Chicago	2010	Article	Drug and Alcohol Dependence	
41969771	Neighborhood Changes in Concentrated Immigration and Late Stage Breast Cancer Diagnosis	2010	Article	Journal of Immigrant and Minority Health	
41405173	Finding Needles in a Haystack: A Methodology for Identifying and Sampling Community-Based Youth Smoking Cessation Programs	2010	Article	Evaluation Review	
41424711	Neighborhood Socioeconomic Change and Diabetes Risk Findings from the Chicago Childhood Diabetes Registry	2010	Article	Diabetes Care	
237076312	Culture and response styles in survey research.	2010	Chapter	Timothy P Johnson	
237076318	Surveys in applied settings.	2010	Chapter	Timothy P Johnson	
237081517	The association between neighborhoods and illicit drug use among adults: Evidence from a Chicago household survey	2010	Chapter	Michael Fendrich	
266756544	Psychological Mechanisms Associated with the Accuracy of Drug Use Reporting: Social Interest	2009	Conference Paper	Timothy P Johnson	
38072625	Substance Use Under Conditions of Uncertainty and Trauma: An Introduction	2009	Article	Substance Use & Misuse	
26830789	Review of Type 2 Diabetes Management Interventions for Addressing Emotional Well-Being in Latinos	2009	Article	The Diabetes Educator	
41026613	A mixed-methods approach to developing a self-reported racial/ethnic discrimination measure for use in multiethnic health surveys	2009	Article	Ethnicity & Disease	
262803045	Introduction to the Special Issue	2009	Article	Substance Use & Misuse	
266800659	Understanding changing relationships between substance use and sexual risk behavior among MSM in Chicago: 1997 vs. 2003	2008	Conference Paper	Michael Fendrich	
266819583	Impact of increasing priority treatment populations on the treatment effectiveness among priority and nonpriority populations	2008	Conference Paper	Young I Cho	
266800469	MSM more likely than men in general to experience problems related to use of sedatives, tranquilizers and pain relievers	2008	Conference Paper	Mary E. Mackesy-Amiti	
266800658	Using Drug Use Testing to Validate Self-Reported Sexual Behavior in a Sample of MSMs in Chicago	2008	Conference Paper	Timothy P Johnson	
23161708	Validity of Self-Reported Substance Use in Men Who Have Sex With Men: Comparisons With a General Population Sample	2008	Article	Annals of Epidemiology	
23182953	Substance-related problems and treatment among men who have sex with men in comparison to other men in Chicago	2008	Article	Journal of Substance Abuse Treatment	
5421411	Prevalence of recent illicit substance use and reporting bias among MSM and other urban males	2008	Article	Addictive Behaviors	
51422884	Sexual Orientation and Smoking: Results From a Multisite Women's Health Study	2008	Article	Substance Use & Misuse	
5489507	Vicarious Exposure to Terrorist Attacks and Substance Use: Results from an Urban Household Survey	2008	Article	Journal of Urban Health	
5472129	Accuracy of Self-Reported Cancer-Screening Histories: A Meta-analysis	2008	Article	Cancer Epidemiology, Biomarkers & Prevention	
5768673	Drinking and Drinking-Related Problems Among Heterosexual and Sexual Minority Women	2008	Article	Journal of Studies on Alcohol and Drugs	
237076346	Cross-cultural consumer psychology	2008	Chapter	Sharon Shavitt	
5859455	Methodologies for Improving Response Rates in Surveys of Physicians: A Systematic Review	2008	Article	Evaluation & the Health Professions	
5758386	Drinking Patterns, Problems, and Motivations Among Collegiate Bisexual Women	2007	Article	Journal of American College Health	
24349178	Respondent Reactions to Sensitive Questions	2007	Article	Journal of Empirical Research on Human Research Ethics	
253498677	The Effects of Acculturation on Survey Question Comprehension among Latino Respondents in the U.S	2007	Article	Timothy P Johnson	
6124429	Impact of Managed Care on Physicians' Decisions to Manipulate Reimbursement Rules: An Explanatory Model	2007	Article	Journal of Health Services Research & Policy	
6208880	Childhood risk factors for alcohol abuse and psychological distress among adult lesbians	2007	Article	Child Abuse & Neglect	
6292184	Homelessness and drug use: evidence from a community sample.	2007	Article	American Journal of Preventive Medicine	
246127903	Homelessness and Drug Use	2007	Article	American Journal of Preventive Medicine	
5815676	Breast Cancer Risk and Screening: A Comparison of Lesbian and Heterosexual Women	2007	Article	Women & Health	
6277832	Cultural-Level Influences on Substance Use & Misuse	2007	Article	Substance Use & Misuse	
6659869	A National Survey of Tobacco Cessation Programs for Youths	2007	Article	American Journal of Public Health	
295274220	Cultural beliefs contributing to disparities in later-stage breast cancer among newly diagnosed African American Latina, and Caucasian women	2007	Article	Oncology Nursing Forum	
237962006	The Impact of Question and Respondent Characteristics on Comprehension and Mapping Difficulties	2006	Article	Public Opinion Quarterly	
6734904	Methods and Frameworks for Crosscultural Measurement	2006	Article	Medical Care	
6750056	Nonresponse Error in Injury-Risk Surveys	2006	Article	American Journal of Preventive Medicine	
7302224	Cultural Variability in the Effects of Question Design Features on Respondent Comprehension of Health Surveys	2006	Article	Annals of Epidemiology	
7046948	Age and Racial/Ethnic Differences in Drinking and Drinking-Related Problems in a Community Sample of Lesbians	2006	Article	Journal of Studies on Alcohol	
289507780	Cultural beliefs contributing to late-stage diagnosis of breast cancer in African-American, Latina, and Caucasian women.	2006	Article	Oncology Nursing Forum	
237076354	Conducting research on lesbians' mental health: What is an appropriate comparison group?	2006	Chapter	Tonda Hughes	
239528716	Using Community-Level Correlates to Evaluate Nonresponse Effects in a Telephone Survey	2006	Article	Public Opinion Quarterly	
254687547	Culture and Survey Question Answering: A Behavior Coding Approach	2006	Article	Young I Cho	
7326318	What Is the Relation Between Cultural Orientation and Socially Desirable Responding?	2006	Article	Journal of Personality and Social Psychology	
7809525	Race/Ethnicity Differences in the Validity of Self-Reported Drug Use: Results from a Household Survey	2005	Article	Journal of Urban Health	
7832476	An Investigation of the Effects of Social Desirability on the Validity of Self-Reports of Cancer Screening Behaviors	2005	Article	Medical Care	
7896057	Modeling Sources of Self-report Bias in a Survey of Drug Use Epidemiology	2005	Article	Annals of Epidemiology	
237458625	The Relation Between Culture and Response StylesEvidence From 19 Countries	2005	Article	Journal of Cross-Cultural Psychology	
6288870	The Co-Occurrence of Depression and Alcohol Dependence Symptoms in a Community Sample of Lesbians	2005	Article	Journal of Lesbian Studies	
7652963	Acculturation and cardiovascular disease screening practices among Mexican Americans living in Chicago	2005	Article	Ethnicity & Disease	
7696526	Editors' Introduction to this Special Issue on Club Drug Epidemiology	2005	Article	Substance Use & Misuse	
7705880	Physician Beliefs About Substance Misuse and Its Treatment: Findings from a U.S. Survey of Primary Care Practitioners	2005	Article	Substance Use & Misuse	
7852872	Reliability and Concurrent Validity of the CAGE Screening Questions: A Comparison of Lesbians and Heterosexual Women	2005	Article	Substance Use & Misuse	
8166784	Tobacco-reporting validity in an epidemiological drug-use survey	2005	Article	Addictive Behaviors	
232494379	Investigating Lesbians' Mental Health and Alcohol Use: What Is an Appropriate Comparison Group?	2005	Article	Tonda Hughes	
8429154	Psychological and Social Risks of Behavioral Research	2004	Article	IRB Ethics and Human Research	
8651015	Treatment need and utilization among youth entering the juvenile corrections system	2004	Article	Journal of Substance Abuse Treatment	
8663287	Drug Test Feasibility in a General Population Household Survey	2004	Article	Drug and Alcohol Dependence	
8891082	The Utility of Drug Testing in Epidemiological Research: Results from a General Population Survey	2004	Article	Addiction	
8961367	Correlates of underutilization of gynecological cancer screening among lesbian and heterosexual women	2004	Article	Preventive Medicine	
8972050	Standardized Assessment of Substance-Related, Other Psychiatric, and Comorbid Disorders among Probationers	2004	Article	International Journal of Offender Therapy and Comparative Criminology	
8978950	A contextual profile of club drug use among adults in Chicago	2004	Article	Addiction	
8978951	Neighborhood effects on drug reporting	2004	Article	Addiction	
9079646	Cross-Cultural Sources of Measurement Error in Substance Use Surveys#	2003	Article	Substance Use & Misuse	
10736499	Improving the self reporting of tobacco use: Results of a factorial experiment	2003	Article	Tobacco Control	
239775226	The Utility of Debriefing Questions in a Household Survey on Drug Abuse	2003	Article	Journal of Drug Issues	
278089799	Homelessness and substance use: Introduction	2003	Article	Substance Use & Misuse	
6764598	Korean American Men's Perceptions about Smoking-Related Symptomatology: Implications for Intervention	2003	Article	Korean and Korean-American studies bulletin	
235660939	Social Desirability in Cross-Cultural Research	2003	Chapter	Timothy P Johnson	
235660942	Questionnaire Design in Comparative Research	2003	Chapter	J. A. Harkness	
11083570	Substance Abuse and Homelessness - Direct or Indirect Effects?	2002	Article	Annals of Epidemiology	
245988378	Substance Abuse and Homelessness	2002	Article	Annals of Epidemiology	
11290098	Prediction of Depressive Distress in a Community Sample of Women: The Role of Sexual Orientation	2002	Article	American Journal of Public Health	
11205958	Migration and substance use: Evidence from the US National Health Interview Survey	2002	Article	Substance Use & Misuse	
11519682	Evaluation of the Effects of a Smoking Cessation Intervention Using the Multilevel Thresholds of Change Model	2002	Article	Evaluation Review	
255588736	A validation of the Crowne-Marlowe social desirability scale	2002	Article	Timothy P Johnson	
11856661	The reliability of self-reported age of onset of tobacco, alcohol and illicit drug use	2001	Article	Addiction	
227800766	The reliability of self‐reported age of onset of tobacco, alcohol and illicit drug use	2001	Article	Addiction	
285067789	Examining Prevalence Differences in Three National Surveys of Youth: Impact of Consent Procedures, Mode, and Editing Rules	2001	Article	Journal of Drug Issues	
242021631	Inclusion of disabled populations in interview surveys: Review and recommendations	2001	Article	Research in Social Science and Disability	
226526049	Examining the Effectiveness of a Community-Based Self-Help Program to Increase Women's Readiness for Smoking Cessation	2001	Article	American Journal of Community Psychology	
346244830	Examining the Effectiveness of a Community‐Based Self‐Help Program to Increase Women's Readiness for Smoking Cessation	2001	Article	American Journal of Community Psychology	
11979787	Changes in Self-Efficacy and Readiness for Smoking Cessation among Women with High School or Less Education	2001	Article	Journal of Health and Social Behavior	
12009498	Monthly Variations in self-reports of alcohol consumption	2001	Article	Journal of Studies on Alcohol	
222671519	Sexual assault and alcohol abuse: A comparison of lesbians and heterosexual women	2001	Article	Journal of Substance Abuse	
235660965	Respondent-cultural orientations and survey participation: The effects of individualism and collectivism	2001	Conference Paper	Timothy P Johnson	
287599729	An Evaluation of the Effects of Interviewer Characteristics in an RDD Telephone Survey of Drug Use	2000	Article	Journal of Drug Issues	
318294030	Book Review: Nonresponse in household interview surveys	2000	Article	Statistical Methods in Medical Research	
285887864	The Impact of Interviewer Characteristics on Drug Use Reporting by Male Juvenile Arrestees	1999	Article	Journal of Drug Issues	
223003000	Characteristics Associated with Exposure to and Participation in a Televised Smoking Cessation Intervention Program for Women with High School or Less Education	1999	Article	Preventive Medicine	
12955675	Validity of Drug Use Reporting in a High-Risk Community Sample: A Comparison of Cocaine and Heroin Survey Reports with Hair Tests	1999	Article	American Journal of Epidemiology	
13213428	Sexual harassment and generalized workplace abuse among university employees: Prevalence and mental health correlates	1999	Article	American Journal of Public Health	
13338506	Accuracy of Parent Mental Health Service Reporting: Results From a Reverse Record-Check Study	1999	Article	Journal of the American Academy of Child & Adolescent Psychiatry	
237081593	The Feasibility of Hair Testing in a Household Survey on Drug Abuse	1999	Chapter	Michael Fendrich	
13528026	Comments on “The Moral Economies of Homeless Heroin Addicts: Confronting Ethnography, HIV Risk, and Everyday Violence in San Francisco Shooting Encampments,” by Phillippe Bourgois	1998	Article	Substance Use & Misuse	
224942241	The measure of stage of readiness to change: Some psychometric considerations	1998	Article	Psychological Assessment	
374669757	The Measure of Stage of Readiness to Change: Some Psychometric Considerations	1998	Article	Psychological Assessment	
239977334	Panel discussion and questions from the floor	1998	Article	Journal of Urban Health	
13830497	Cognitive Aspects of Recalling and Reporting Health-related Events: Papanicolaou Smears, Clinical Breast Examinations, and Mammograms	1998	Article	American Journal of Epidemiology	
237081607	Approaches to Equivalence in Cross-Cultural and Cross-National Survey Research	1998	Article	Timothy P Johnson	
255586678	An experiment to improve drug use reports during survey interviews	1998	Article	Timothy P Johnson	
254679026	Dimensions of Self-Identification Among Multiracial and Multiethnic Respondents in Survey Interviews	1997	Article	Evaluation Review	
237180462	Understanding the cognitive processes used by women reporting cancer prevention examinations and tests	1997	Article	Journal of Official Statistics	
13968763	Improving question wording in surveys of culturally diverse populations	1997	Article	Annals of Epidemiology	
13998151	Substance use among homeless, immigrant, and refugee populations: an international perspective. Introduction	1997	Article	Substance Use & Misuse	
13998155	Substance Use Patterns among Homeless Migrants and Nonmigrants in Chicago	1997	Article	Substance Use & Misuse	
13998160	Available Resources for Investigating Substance Use among Homeless, Immigrant, and Refugee Populations	1997	Article	Substance Use & Misuse	
227828778	Substance Abuse and Homelessness: Social Selection or Social Adaptation?	1997	Article	Addiction	
14248334	Alcohol and Drug Use among Displaced Persons: An Overview	1996	Article	Substance Use & Misuse	
14331539	Self-Reported Risk Factors for AIDS among Homeless Youth	1996	Article	AIDS Education and Prevention	
14451047	Measuring quality of life in culturally diverse populations	1996	Article	JNCI Monographs	
312619335	Cultural variations in the interpretation of health survey questions	1996	Article	Timothy P Johnson	
15616870	The Community Clinical Oncology Program: Its Effect on Clinical Practice	1995	Article	The Joint Commission Journal on Quality Improvement	
15596718	Substance Use and Treatment Needs among Homeless Persons in Cook County, Illinois	1995	Article	International Journal of the Addictions	
12432150	Patterns of Breast Cancer Treatment: A Comparison of a Rural Population With an Urban Population and a Community Clinical Oncology Program Sample	1995	Article	Cancer Control	
296603262	SELF-REPORTED HEALTH OF HOMELESS YOUTH	1995	Article	Pediatric Research	
15645937	Using a Community Clinical Trials Network for Treatment, Prevention, and Control Research: Assuring Access to State-of-the-Art Cancer Care	1995	Article	Cancer Investigation	
15114951	Effect of a National Cancer Institute Clinical Alert on breast cancer practice patterns	1994	Article	Journal of Clinical Oncology	
223576952	Interviewer effects on self-reported substance use among homeless persons	1994	Article	Addictive Behaviors	
266579737	Cognitive aspects of reporting cancer prevention examinations and tests	1994	Article	Seymour Sudman	
237179517	Dimensions of Mail Questionnaires and Response Quality	1993	Article	Sociological Focus	
46272736	Awareness and Knowledge of Alcohol Beverage Warning Labels Among Homeless Persons in Cook County, Illinois	1993	Article	International Quarterly of Community Health Education	
249772913	Problems of Definition in Sampling Special Populations: The Case of Homeless Persons	1993	Article	Evaluation Practice	
249721387	The Effect of Interviewer Characteristics On Gatekeeper Resistance in Surveys of Elite Populations	1993	Article	Evaluation Review	
225268228	Gender interactions between interviewer and survey respondents: Issues of pornography and community standards	1993	Article	Sex Roles	
233641252	Psychometric Evaluation of the Lexington Attachment to Pets Scale (LAPS)	1992	Article	Anthrozoös	
237179093	A Fairly Common Ambiguity: Comparing Rating and Approval Measures in Public Opinion Polling	1992	Article	Sociological Focus	
21389421	Mental Health, Social Relations, and Social Selection: A Longitudinal Analysis	1992	Article	Journal of Health and Social Behavior	
226728521	Sex differences in reporting sensitive behavior: A comparison of interview methods	1991	Article	Sex Roles	
20881390	Continuing education survey of certified registered nurse anesthetists	1991	Article	AANA journal	
297228809	IN-TRAINING EXAMINATIONS - REPLY	1991	Article	Academic Medicine	
233648154	Quality of Attachment to Companion Animals Among U.S. Adults 21 to 64 Years of Age	1990	Article	Anthrozoös	
20914272	Predictive validity of the American Board of Family Practice In-Training Examination	1990	Article	Academic Medicine	
233701267	Pet Ownership and Attachment in Relation to the Health of U.S. Adults, 21 to 64 Years of Age	1990	Article	Anthrozoös	
46272952	Components of Self-Rated Health Among Adults: Analysis of Multiple Data Sources	1990	Article	International Quarterly of Community Health Education	
20890915	Exercise capacity in coal workers' pneumoconiosis: An analysis using causal modelling	1990	Article	James K Cooper	
233612638	Pet Ownership and Attachment as Supportive Factors in the Health of the Elderly	1989	Article	Anthrozoös	
312613578	Obtaining reports of sensitive behavior: A comparison of substance use reports from telephone and face-to-face interviews	1989	Article	Social Science Quarterly	
233595131	Attachment to Companion Animals Among Older Pet Owners	1988	Article	Anthrozoös	
230188267	Social Networks and Depression Among the Elderly: Metropolitan/Nonmetropolitan Comparisons*	1988	Article	The Journal of Rural Health	
233687469	Demographics of Pet Ownership Among U.S. Adults 21 to 64 Years of Age	1988	Article	Anthrozoös	
254345025	Public Environmental Knowledge: A Statewide Survey	1987	Article	The Journal of Environmental Education	
226051508	Sex Differences in Environmental Concern and Knowledge: The Case of Acid Rain	1987	Article	Sex Roles	
12995117	Evaluation of Medical Center Support for Rural Physicians*	1986	Article	The Journal of Rural Health	
241739381	Ecological Worldview and Environmental Knowledge: The “New Environmental Paradigm”	1986	Article	The Journal of Environmental Education	
19670036	Cardiovascular preventive behavior and disease prevalence in Kentucky	1986	Article	The Journal of the Kentucky Medical Association	
13020048	The Influence of Rural Physicians' Perceptions on Referral Patterns to a University Hospital	1986	Article	The Journal of Rural Health	
16340106	Physician distribution—Will it get worse instead of better?	1983	Article	The American Journal of Medicine	
16368100	Medical library support in rural areas	1983	Article	Bulletin of the Medical Library Association	
16024439	Where doctors are going. Physician location trends in Kentucky	1982	Article	The Journal of the Kentucky Medical Association	
16079415	Evaluation of an Appalachian preceptorship orientation program	1982	Article	Academic Medicine	
16161803	Physician shortage in Kentucky, 1930-1980	1982	Article	American Journal of Public Health	
237699193	SUBSTANCE ABUSE TREATMENT NEED AND TREATMENT UTILIZATION AMONG YOUTH ENTERING THE ILLINOIS JUVENILE CORRECTIONS SYSTEM		Article		
238731851	EFFECTS OF QUESTION CONTEXT AND RESPONSE ORDER ON ATTITUDE QUESTIONS		Article		
239610256	MODELING THE COGNITIVE PROCESSING OF DRUG USE QUESTIONS		Article		
242099046	Survey Methods in Public Administration Research: A Content Analysis of Journal Publications		Article		
253862801	IMPROVING THE VALIDITY OF SELF-REPORTS OF CANCER SCREENING BEHAVIORS		Article		
255571932	Validation of Socially Desirable Health Behaviors and Implications for Case-Control and Other Health Surveys: Does Salience Matter?		Article		
266214862	TELEPHONE NON-RESPONSE: A FACTORIAL EXPERIMENT OF TECHNIQUES TO IMPROVE TELEPHONE RESPONSE RATES		Article		
268015769	Visible Pathways: A Life Course Perspective on Technology Use and Relationship Reconnection		Article		